sub,probe_hit,mem_score
a809a141-4862-4ef9-9206-d64dc894c78f,True,0.438521208120152
a809a141-4862-4ef9-9206-d64dc894c78f,True,0.7518218623481785
a809a141-4862-4ef9-9206-d64dc894c78f,True,0.636856368563685
a809a141-4862-4ef9-9206-d64dc894c78f,True,0.7501375894331315
a809a141-4862-4ef9-9206-d64dc894c78f,True,0.370173985086993
a809a141-4862-4ef9-9206-d64dc894c78f,False,0.637803067788224
a809a141-4862-4ef9-9206-d64dc894c78f,True,0.528495034377387
a809a141-4862-4ef9-9206-d64dc894c78f,False,0.7533333333333331
a809a141-4862-4ef9-9206-d64dc894c78f,True,0.423159246575342
a809a141-4862-4ef9-9206-d64dc894c78f,True,0.51330376940133
a809a141-4862-4ef9-9206-d64dc894c78f,True,0.591620879120879
a809a141-4862-4ef9-9206-d64dc894c78f,True,0.556944444444444
a809a141-4862-4ef9-9206-d64dc894c78f,True,0.6939008480104375
a809a141-4862-4ef9-9206-d64dc894c78f,True,0.7231523761204126
a809a141-4862-4ef9-9206-d64dc894c78f,True,0.7487640449438202
a809a141-4862-4ef9-9206-d64dc894c78f,True,0.7950393224440415
a809a141-4862-4ef9-9206-d64dc894c78f,False,0.236135957066189
a809a141-4862-4ef9-9206-d64dc894c78f,True,0.20019262520638398
a809a141-4862-4ef9-9206-d64dc894c78f,True,0.39993317741396595
a809a141-4862-4ef9-9206-d64dc894c78f,True,0.6447876447876446
a809a141-4862-4ef9-9206-d64dc894c78f,True,0.68659793814433
a809a141-4862-4ef9-9206-d64dc894c78f,True,0.690109585240671
a809a141-4862-4ef9-9206-d64dc894c78f,True,0.46877592131769097
a809a141-4862-4ef9-9206-d64dc894c78f,True,0.8225428102275397
a809a141-4862-4ef9-9206-d64dc894c78f,False,0.3453763440860219
a809a141-4862-4ef9-9206-d64dc894c78f,True,0.417972831765935
a809a141-4862-4ef9-9206-d64dc894c78f,False,0.570604781997187
a809a141-4862-4ef9-9206-d64dc894c78f,True,0.734492842850546
a809a141-4862-4ef9-9206-d64dc894c78f,False,0.7274560645347165
a809a141-4862-4ef9-9206-d64dc894c78f,False,0.398252350059579
a809a141-4862-4ef9-9206-d64dc894c78f,True,0.7022357723577233
a809a141-4862-4ef9-9206-d64dc894c78f,False,0.849315068493151
a809a141-4862-4ef9-9206-d64dc894c78f,True,0.29831932773109204
a809a141-4862-4ef9-9206-d64dc894c78f,True,0.4131037501824024
a809a141-4862-4ef9-9206-d64dc894c78f,True,0.308682170542635
a809a141-4862-4ef9-9206-d64dc894c78f,True,0.7863490934944901
a809a141-4862-4ef9-9206-d64dc894c78f,True,0.304945054945055
a809a141-4862-4ef9-9206-d64dc894c78f,True,0.27736549165120583
a809a141-4862-4ef9-9206-d64dc894c78f,False,0.8343685300207037
a809a141-4862-4ef9-9206-d64dc894c78f,False,0.499728997289973
a809a141-4862-4ef9-9206-d64dc894c78f,True,0.5713869463869462
17a0b95a-caef-46b5-afdd-2ee194101fff,True,0.46433254655127204
17a0b95a-caef-46b5-afdd-2ee194101fff,True,0.4745454545454545
17a0b95a-caef-46b5-afdd-2ee194101fff,True,0.408764367816092
17a0b95a-caef-46b5-afdd-2ee194101fff,False,0.671330483223216
17a0b95a-caef-46b5-afdd-2ee194101fff,True,0.7774853801169591
17a0b95a-caef-46b5-afdd-2ee194101fff,True,0.4658079625292739
17a0b95a-caef-46b5-afdd-2ee194101fff,False,0.545217867909016
17a0b95a-caef-46b5-afdd-2ee194101fff,True,0.310177182368194
17a0b95a-caef-46b5-afdd-2ee194101fff,True,0.705426356589147
17a0b95a-caef-46b5-afdd-2ee194101fff,True,0.3453763440860219
17a0b95a-caef-46b5-afdd-2ee194101fff,False,0.5269207501512401
17a0b95a-caef-46b5-afdd-2ee194101fff,False,0.690109585240671
17a0b95a-caef-46b5-afdd-2ee194101fff,True,0.32321981424148594
17a0b95a-caef-46b5-afdd-2ee194101fff,False,0.6814035087719299
17a0b95a-caef-46b5-afdd-2ee194101fff,True,0.46889400921658997
17a0b95a-caef-46b5-afdd-2ee194101fff,True,0.460716530483972
17a0b95a-caef-46b5-afdd-2ee194101fff,True,0.5354938271604941
17a0b95a-caef-46b5-afdd-2ee194101fff,True,0.6218746296954615
17a0b95a-caef-46b5-afdd-2ee194101fff,True,0.7406301185085267
f8655bf3-bf42-497a-9702-1b335456b7de,False,0.31453634085213
f8655bf3-bf42-497a-9702-1b335456b7de,True,0.55520393811533
f8655bf3-bf42-497a-9702-1b335456b7de,False,0.49115646258503404
f8655bf3-bf42-497a-9702-1b335456b7de,True,0.5010084711577248
f8655bf3-bf42-497a-9702-1b335456b7de,False,0.617174959871589
fee306a7-c87d-4874-98a7-c3b90159186d,True,0.7132616487455199
fee306a7-c87d-4874-98a7-c3b90159186d,True,0.275539275539275
fee306a7-c87d-4874-98a7-c3b90159186d,False,0.6594957522608932
fee306a7-c87d-4874-98a7-c3b90159186d,True,0.380192977753953
fee306a7-c87d-4874-98a7-c3b90159186d,False,0.547778981581798
fee306a7-c87d-4874-98a7-c3b90159186d,False,0.518181818181818
fee306a7-c87d-4874-98a7-c3b90159186d,False,0.4953823953823949
fee306a7-c87d-4874-98a7-c3b90159186d,True,0.623925974884336
fee306a7-c87d-4874-98a7-c3b90159186d,True,0.4662921348314607
fee306a7-c87d-4874-98a7-c3b90159186d,True,0.7337092731829578
fee306a7-c87d-4874-98a7-c3b90159186d,True,0.46433254655127204
fee306a7-c87d-4874-98a7-c3b90159186d,True,0.44896067787634
fee306a7-c87d-4874-98a7-c3b90159186d,True,0.6385237613751269
fee306a7-c87d-4874-98a7-c3b90159186d,True,0.6009828788839573
fee306a7-c87d-4874-98a7-c3b90159186d,True,0.561214066832044
fee306a7-c87d-4874-98a7-c3b90159186d,True,0.6447876447876446
fee306a7-c87d-4874-98a7-c3b90159186d,False,0.6755050505050508
fee306a7-c87d-4874-98a7-c3b90159186d,False,0.8343685300207037
fee306a7-c87d-4874-98a7-c3b90159186d,True,0.5409408697713
fee306a7-c87d-4874-98a7-c3b90159186d,True,0.53209549071618
fee306a7-c87d-4874-98a7-c3b90159186d,True,0.42548914500134016
fee306a7-c87d-4874-98a7-c3b90159186d,True,0.6353718059144414
fee306a7-c87d-4874-98a7-c3b90159186d,True,0.7651162790697674
fee306a7-c87d-4874-98a7-c3b90159186d,True,0.4745454545454545
fee306a7-c87d-4874-98a7-c3b90159186d,True,0.6419068736141904
fee306a7-c87d-4874-98a7-c3b90159186d,False,0.43073593073593097
fee306a7-c87d-4874-98a7-c3b90159186d,True,0.4975
fee306a7-c87d-4874-98a7-c3b90159186d,True,0.556944444444444
fee306a7-c87d-4874-98a7-c3b90159186d,True,0.45877192982456205
fee306a7-c87d-4874-98a7-c3b90159186d,False,0.5126225490196077
fee306a7-c87d-4874-98a7-c3b90159186d,True,0.9098162475822046
fee306a7-c87d-4874-98a7-c3b90159186d,True,0.5027863777089782
fee306a7-c87d-4874-98a7-c3b90159186d,True,0.453788411916491
fee306a7-c87d-4874-98a7-c3b90159186d,True,0.6593258891645992
fee306a7-c87d-4874-98a7-c3b90159186d,True,0.4937293729372934
fee306a7-c87d-4874-98a7-c3b90159186d,True,0.6041486603284352
fee306a7-c87d-4874-98a7-c3b90159186d,True,0.36879127189204697
fee306a7-c87d-4874-98a7-c3b90159186d,True,0.7867042518205305
fee306a7-c87d-4874-98a7-c3b90159186d,True,0.5167548500881831
fee306a7-c87d-4874-98a7-c3b90159186d,True,0.4148936170212766
f6e87870-50ab-4b9c-b96b-e716fb583ae4,True,0.6601843849034859
f6e87870-50ab-4b9c-b96b-e716fb583ae4,False,0.7313725490196077
f6e87870-50ab-4b9c-b96b-e716fb583ae4,True,0.6447876447876446
f6e87870-50ab-4b9c-b96b-e716fb583ae4,True,0.6350395339159389
f6e87870-50ab-4b9c-b96b-e716fb583ae4,False,0.4662068965517245
f6e87870-50ab-4b9c-b96b-e716fb583ae4,False,0.5044802867383512
f6e87870-50ab-4b9c-b96b-e716fb583ae4,False,0.4684807256235829
f6e87870-50ab-4b9c-b96b-e716fb583ae4,False,0.40043031317236394
f6e87870-50ab-4b9c-b96b-e716fb583ae4,False,0.6298245614035091
f6e87870-50ab-4b9c-b96b-e716fb583ae4,True,0.574366471734893
f6e87870-50ab-4b9c-b96b-e716fb583ae4,False,0.6397586431833
f6e87870-50ab-4b9c-b96b-e716fb583ae4,True,0.619718309859155
f6e87870-50ab-4b9c-b96b-e716fb583ae4,True,0.472010342598578
f6e87870-50ab-4b9c-b96b-e716fb583ae4,True,0.549979927739864
f6e87870-50ab-4b9c-b96b-e716fb583ae4,True,0.449160035366932
f6e87870-50ab-4b9c-b96b-e716fb583ae4,True,0.5461661983139302
f6e87870-50ab-4b9c-b96b-e716fb583ae4,True,0.8730897009966778
f6e87870-50ab-4b9c-b96b-e716fb583ae4,False,0.688042492550849
f6e87870-50ab-4b9c-b96b-e716fb583ae4,True,0.49265450861195503
f6e87870-50ab-4b9c-b96b-e716fb583ae4,True,0.7286764705882353
f6e87870-50ab-4b9c-b96b-e716fb583ae4,True,0.7439916405433644
f6e87870-50ab-4b9c-b96b-e716fb583ae4,True,0.5942760942760941
f6e87870-50ab-4b9c-b96b-e716fb583ae4,True,0.674373379429559
f6e87870-50ab-4b9c-b96b-e716fb583ae4,True,0.53183520599251
f6e87870-50ab-4b9c-b96b-e716fb583ae4,False,0.45021645021644974
f6e87870-50ab-4b9c-b96b-e716fb583ae4,True,0.2600603621730383
f6e87870-50ab-4b9c-b96b-e716fb583ae4,False,0.5502058916693059
f6e87870-50ab-4b9c-b96b-e716fb583ae4,True,0.7024238453979691
f6e87870-50ab-4b9c-b96b-e716fb583ae4,True,0.7487373737373736
f6e87870-50ab-4b9c-b96b-e716fb583ae4,True,0.8036901370234699
f6e87870-50ab-4b9c-b96b-e716fb583ae4,True,0.5518102372034961
f6e87870-50ab-4b9c-b96b-e716fb583ae4,True,0.35681114551083604
f6e87870-50ab-4b9c-b96b-e716fb583ae4,True,0.5011961722488041
f6e87870-50ab-4b9c-b96b-e716fb583ae4,True,0.516487000634115
f6e87870-50ab-4b9c-b96b-e716fb583ae4,False,0.4662921348314607
f6e87870-50ab-4b9c-b96b-e716fb583ae4,True,0.4551129270230395
f6e87870-50ab-4b9c-b96b-e716fb583ae4,True,0.5113210911035833
f6e87870-50ab-4b9c-b96b-e716fb583ae4,True,0.349178910976664
f6e87870-50ab-4b9c-b96b-e716fb583ae4,True,0.7633091349062312
f6e87870-50ab-4b9c-b96b-e716fb583ae4,False,0.611517204492779
f6e87870-50ab-4b9c-b96b-e716fb583ae4,True,0.56060606060606
f6e87870-50ab-4b9c-b96b-e716fb583ae4,True,0.6009828788839573
f6e87870-50ab-4b9c-b96b-e716fb583ae4,False,0.398252350059579
f6e87870-50ab-4b9c-b96b-e716fb583ae4,False,0.5385036996437385
f6e87870-50ab-4b9c-b96b-e716fb583ae4,True,0.7718179544886219
f6e87870-50ab-4b9c-b96b-e716fb583ae4,False,0.538886400955366
c89203fd-8e26-4753-9bea-d04e3141df7e,True,0.378421900161031
c89203fd-8e26-4753-9bea-d04e3141df7e,True,0.850574712643678
c89203fd-8e26-4753-9bea-d04e3141df7e,True,0.4136997427913901
c89203fd-8e26-4753-9bea-d04e3141df7e,True,0.751262626262626
c89203fd-8e26-4753-9bea-d04e3141df7e,True,0.4870354364736388
c89203fd-8e26-4753-9bea-d04e3141df7e,True,0.6127503258679936
c89203fd-8e26-4753-9bea-d04e3141df7e,True,0.8754783632617016
c89203fd-8e26-4753-9bea-d04e3141df7e,True,0.46433254655127204
c89203fd-8e26-4753-9bea-d04e3141df7e,True,0.588557614826752
c89203fd-8e26-4753-9bea-d04e3141df7e,True,0.5845268542199493
c89203fd-8e26-4753-9bea-d04e3141df7e,True,0.489010989010989
c89203fd-8e26-4753-9bea-d04e3141df7e,True,0.673865460382314
c89203fd-8e26-4753-9bea-d04e3141df7e,True,0.4040250295958056
c89203fd-8e26-4753-9bea-d04e3141df7e,True,0.888888888888889
c89203fd-8e26-4753-9bea-d04e3141df7e,True,0.3765215355805243
c89203fd-8e26-4753-9bea-d04e3141df7e,True,0.42592592592592593
c89203fd-8e26-4753-9bea-d04e3141df7e,False,0.56260162601626
c89203fd-8e26-4753-9bea-d04e3141df7e,False,0.4172013178428994
c89203fd-8e26-4753-9bea-d04e3141df7e,True,0.4745454545454545
c89203fd-8e26-4753-9bea-d04e3141df7e,False,0.4875672904383493
c89203fd-8e26-4753-9bea-d04e3141df7e,False,0.6691919191919197
c89203fd-8e26-4753-9bea-d04e3141df7e,True,0.7624589266155533
c89203fd-8e26-4753-9bea-d04e3141df7e,True,0.6041486603284352
c89203fd-8e26-4753-9bea-d04e3141df7e,True,0.517827529021559
c89203fd-8e26-4753-9bea-d04e3141df7e,False,0.4185855263157895
c89203fd-8e26-4753-9bea-d04e3141df7e,True,0.6638388123011668
c89203fd-8e26-4753-9bea-d04e3141df7e,False,0.46889400921658997
c89203fd-8e26-4753-9bea-d04e3141df7e,True,0.520427404148335
c89203fd-8e26-4753-9bea-d04e3141df7e,False,0.7151937984496121
c89203fd-8e26-4753-9bea-d04e3141df7e,True,0.7512306610407876
c89203fd-8e26-4753-9bea-d04e3141df7e,False,0.8520257346548423
c89203fd-8e26-4753-9bea-d04e3141df7e,False,0.7439362439362442
c89203fd-8e26-4753-9bea-d04e3141df7e,False,0.598006644518272
c89203fd-8e26-4753-9bea-d04e3141df7e,False,0.752995585453017
c89203fd-8e26-4753-9bea-d04e3141df7e,True,0.709803921568627
c89203fd-8e26-4753-9bea-d04e3141df7e,False,0.7369934282584889
c89203fd-8e26-4753-9bea-d04e3141df7e,True,0.68952380952381
c89203fd-8e26-4753-9bea-d04e3141df7e,True,0.7390615091946733
c89203fd-8e26-4753-9bea-d04e3141df7e,True,0.52067963335569
c89203fd-8e26-4753-9bea-d04e3141df7e,True,0.7249575551782679
c89203fd-8e26-4753-9bea-d04e3141df7e,True,0.649933065595716
c89203fd-8e26-4753-9bea-d04e3141df7e,False,0.49265450861195503
c89203fd-8e26-4753-9bea-d04e3141df7e,True,0.48059866962305975
c89203fd-8e26-4753-9bea-d04e3141df7e,True,0.6691086691086692
c89203fd-8e26-4753-9bea-d04e3141df7e,True,0.33291614518147694
c89203fd-8e26-4753-9bea-d04e3141df7e,False,0.396428571428571
c89203fd-8e26-4753-9bea-d04e3141df7e,True,0.76671511627907
c89203fd-8e26-4753-9bea-d04e3141df7e,True,0.5486461976940019
c89203fd-8e26-4753-9bea-d04e3141df7e,False,0.40502873563218394
c89203fd-8e26-4753-9bea-d04e3141df7e,True,0.43073593073593097
c89203fd-8e26-4753-9bea-d04e3141df7e,True,0.53183520599251
c89203fd-8e26-4753-9bea-d04e3141df7e,True,0.5243271221532088
c89203fd-8e26-4753-9bea-d04e3141df7e,True,0.456456456456457
c89203fd-8e26-4753-9bea-d04e3141df7e,False,0.938271604938272
a6af2a1e-3ffc-4337-a0e7-33fd28d45dc6,True,0.619718309859155
a6af2a1e-3ffc-4337-a0e7-33fd28d45dc6,True,0.5538026330105533
a6af2a1e-3ffc-4337-a0e7-33fd28d45dc6,True,0.685298102981029
a6af2a1e-3ffc-4337-a0e7-33fd28d45dc6,True,0.6418616226978591
a6af2a1e-3ffc-4337-a0e7-33fd28d45dc6,True,0.7574423722923667
a6af2a1e-3ffc-4337-a0e7-33fd28d45dc6,True,0.5822006472491911
a6af2a1e-3ffc-4337-a0e7-33fd28d45dc6,True,0.52067963335569
a6af2a1e-3ffc-4337-a0e7-33fd28d45dc6,True,0.5337742087860177
a6af2a1e-3ffc-4337-a0e7-33fd28d45dc6,True,0.6123301985370949
a6af2a1e-3ffc-4337-a0e7-33fd28d45dc6,True,0.659545398087194
a6af2a1e-3ffc-4337-a0e7-33fd28d45dc6,True,0.6209086468001956
a6af2a1e-3ffc-4337-a0e7-33fd28d45dc6,True,0.456456456456457
a6af2a1e-3ffc-4337-a0e7-33fd28d45dc6,True,0.525198938992043
a6af2a1e-3ffc-4337-a0e7-33fd28d45dc6,False,0.698754578754579
a6af2a1e-3ffc-4337-a0e7-33fd28d45dc6,False,0.7216195569136744
a6af2a1e-3ffc-4337-a0e7-33fd28d45dc6,False,0.450697526949905
a6af2a1e-3ffc-4337-a0e7-33fd28d45dc6,True,0.6855287569573281
a6af2a1e-3ffc-4337-a0e7-33fd28d45dc6,True,0.2275392915787
a6af2a1e-3ffc-4337-a0e7-33fd28d45dc6,True,0.545296470179099
a6af2a1e-3ffc-4337-a0e7-33fd28d45dc6,True,0.411113904953483
a6af2a1e-3ffc-4337-a0e7-33fd28d45dc6,False,0.6159410210043121
a6af2a1e-3ffc-4337-a0e7-33fd28d45dc6,False,0.773918163085075
a6af2a1e-3ffc-4337-a0e7-33fd28d45dc6,True,0.548300536672629
a6af2a1e-3ffc-4337-a0e7-33fd28d45dc6,True,0.7747252747252746
a6af2a1e-3ffc-4337-a0e7-33fd28d45dc6,True,0.4413527397260274
a6af2a1e-3ffc-4337-a0e7-33fd28d45dc6,True,0.712121212121212
a6af2a1e-3ffc-4337-a0e7-33fd28d45dc6,False,0.6385237613751269
a6af2a1e-3ffc-4337-a0e7-33fd28d45dc6,True,0.517795637198622
a6af2a1e-3ffc-4337-a0e7-33fd28d45dc6,True,0.5053272450532731
a6af2a1e-3ffc-4337-a0e7-33fd28d45dc6,True,0.8057142857142855
a6af2a1e-3ffc-4337-a0e7-33fd28d45dc6,True,0.585614600107353
a6af2a1e-3ffc-4337-a0e7-33fd28d45dc6,True,0.7313725490196077
a6af2a1e-3ffc-4337-a0e7-33fd28d45dc6,True,0.5354938271604941
a6af2a1e-3ffc-4337-a0e7-33fd28d45dc6,True,0.49265450861195503
a6af2a1e-3ffc-4337-a0e7-33fd28d45dc6,False,0.746936274509804
a6af2a1e-3ffc-4337-a0e7-33fd28d45dc6,True,0.751510989010989
a6af2a1e-3ffc-4337-a0e7-33fd28d45dc6,False,0.5027450980392154
a6af2a1e-3ffc-4337-a0e7-33fd28d45dc6,False,0.45368072787427693
a6af2a1e-3ffc-4337-a0e7-33fd28d45dc6,False,0.603939250118653
a6af2a1e-3ffc-4337-a0e7-33fd28d45dc6,False,0.567204301075269
a6af2a1e-3ffc-4337-a0e7-33fd28d45dc6,False,0.557942278034809
a6af2a1e-3ffc-4337-a0e7-33fd28d45dc6,True,0.5011961722488041
a6af2a1e-3ffc-4337-a0e7-33fd28d45dc6,False,0.1358132431547946
a6af2a1e-3ffc-4337-a0e7-33fd28d45dc6,False,0.586996336996337
a6af2a1e-3ffc-4337-a0e7-33fd28d45dc6,True,0.585853658536585
a6af2a1e-3ffc-4337-a0e7-33fd28d45dc6,False,0.340853658536585
a6af2a1e-3ffc-4337-a0e7-33fd28d45dc6,False,0.7516594516594519
a6af2a1e-3ffc-4337-a0e7-33fd28d45dc6,False,0.3150496562261261
a6af2a1e-3ffc-4337-a0e7-33fd28d45dc6,False,0.578673245614035
a6af2a1e-3ffc-4337-a0e7-33fd28d45dc6,False,0.5715552927261977
a6af2a1e-3ffc-4337-a0e7-33fd28d45dc6,True,0.7996254681647937
a6af2a1e-3ffc-4337-a0e7-33fd28d45dc6,True,0.7836990595611283
a6af2a1e-3ffc-4337-a0e7-33fd28d45dc6,False,0.5250531430306711
a6af2a1e-3ffc-4337-a0e7-33fd28d45dc6,False,0.645477545857053
a6af2a1e-3ffc-4337-a0e7-33fd28d45dc6,False,0.6698357821953325
a6af2a1e-3ffc-4337-a0e7-33fd28d45dc6,False,0.6847311827956989
a6af2a1e-3ffc-4337-a0e7-33fd28d45dc6,False,0.4212401995723446
a6af2a1e-3ffc-4337-a0e7-33fd28d45dc6,True,0.584558823529412
a6af2a1e-3ffc-4337-a0e7-33fd28d45dc6,True,0.8848297213622286
a6af2a1e-3ffc-4337-a0e7-33fd28d45dc6,False,0.472758472758473
a6af2a1e-3ffc-4337-a0e7-33fd28d45dc6,True,0.443196004993758
a6af2a1e-3ffc-4337-a0e7-33fd28d45dc6,True,0.517942583732057
a6af2a1e-3ffc-4337-a0e7-33fd28d45dc6,True,0.491866438356164
a6af2a1e-3ffc-4337-a0e7-33fd28d45dc6,True,0.6939008480104375
a6af2a1e-3ffc-4337-a0e7-33fd28d45dc6,True,0.5350430073271747
977b4b62-3cdc-477c-b88e-7a6b81efe90b,True,0.8386326317360798
977b4b62-3cdc-477c-b88e-7a6b81efe90b,True,0.6397586431833
977b4b62-3cdc-477c-b88e-7a6b81efe90b,True,0.8037422037422041
977b4b62-3cdc-477c-b88e-7a6b81efe90b,True,0.5871345029239766
977b4b62-3cdc-477c-b88e-7a6b81efe90b,True,0.5250531430306711
977b4b62-3cdc-477c-b88e-7a6b81efe90b,True,0.393969563362253
977b4b62-3cdc-477c-b88e-7a6b81efe90b,True,0.561214066832044
977b4b62-3cdc-477c-b88e-7a6b81efe90b,True,0.6799265605875157
977b4b62-3cdc-477c-b88e-7a6b81efe90b,True,0.56260162601626
977b4b62-3cdc-477c-b88e-7a6b81efe90b,True,0.4107684529828105
977b4b62-3cdc-477c-b88e-7a6b81efe90b,True,0.42730923694779127
977b4b62-3cdc-477c-b88e-7a6b81efe90b,True,0.7788324632178455
977b4b62-3cdc-477c-b88e-7a6b81efe90b,True,0.48931208705790896
977b4b62-3cdc-477c-b88e-7a6b81efe90b,True,0.43473961766644703
977b4b62-3cdc-477c-b88e-7a6b81efe90b,True,0.4843941248470017
977b4b62-3cdc-477c-b88e-7a6b81efe90b,True,0.428792091442694
977b4b62-3cdc-477c-b88e-7a6b81efe90b,True,0.6218746296954615
977b4b62-3cdc-477c-b88e-7a6b81efe90b,True,0.7648026315789473
977b4b62-3cdc-477c-b88e-7a6b81efe90b,False,0.585853658536585
977b4b62-3cdc-477c-b88e-7a6b81efe90b,True,0.6304483188044828
977b4b62-3cdc-477c-b88e-7a6b81efe90b,True,0.6220971147079519
977b4b62-3cdc-477c-b88e-7a6b81efe90b,True,0.7353896103896106
977b4b62-3cdc-477c-b88e-7a6b81efe90b,True,0.49627450980392096
977b4b62-3cdc-477c-b88e-7a6b81efe90b,True,0.5713869463869462
977b4b62-3cdc-477c-b88e-7a6b81efe90b,True,0.37884650819974164
977b4b62-3cdc-477c-b88e-7a6b81efe90b,True,0.4136997427913901
977b4b62-3cdc-477c-b88e-7a6b81efe90b,True,0.47943696450428397
977b4b62-3cdc-477c-b88e-7a6b81efe90b,True,0.5417417417417411
977b4b62-3cdc-477c-b88e-7a6b81efe90b,True,0.6918903880929201
977b4b62-3cdc-477c-b88e-7a6b81efe90b,True,0.236135957066189
977b4b62-3cdc-477c-b88e-7a6b81efe90b,True,0.516487000634115
977b4b62-3cdc-477c-b88e-7a6b81efe90b,False,0.35064935064935004
977b4b62-3cdc-477c-b88e-7a6b81efe90b,True,0.354341736694678
977b4b62-3cdc-477c-b88e-7a6b81efe90b,False,0.6168150864326875
977b4b62-3cdc-477c-b88e-7a6b81efe90b,False,0.6478431372549023
977b4b62-3cdc-477c-b88e-7a6b81efe90b,False,0.7216195569136744
977b4b62-3cdc-477c-b88e-7a6b81efe90b,True,0.403234358430541
977b4b62-3cdc-477c-b88e-7a6b81efe90b,True,0.5411732680005439
977b4b62-3cdc-477c-b88e-7a6b81efe90b,True,0.938271604938272
977b4b62-3cdc-477c-b88e-7a6b81efe90b,True,0.5538026330105533
977b4b62-3cdc-477c-b88e-7a6b81efe90b,True,0.42156862745098
977b4b62-3cdc-477c-b88e-7a6b81efe90b,True,0.7944307944307949
977b4b62-3cdc-477c-b88e-7a6b81efe90b,True,0.36879127189204697
977b4b62-3cdc-477c-b88e-7a6b81efe90b,False,0.7077922077922076
977b4b62-3cdc-477c-b88e-7a6b81efe90b,True,0.8848297213622286
977b4b62-3cdc-477c-b88e-7a6b81efe90b,True,0.49166666666666703
977b4b62-3cdc-477c-b88e-7a6b81efe90b,True,0.7247311827956989
977b4b62-3cdc-477c-b88e-7a6b81efe90b,True,0.616424116424116
977b4b62-3cdc-477c-b88e-7a6b81efe90b,False,0.699510403916769
7a88f23a-d1d1-478d-8e51-a3ccdf6aa7c9,False,0.7718179544886219
7a88f23a-d1d1-478d-8e51-a3ccdf6aa7c9,True,0.7160601167556826
7a88f23a-d1d1-478d-8e51-a3ccdf6aa7c9,True,0.5239908606245239
7a88f23a-d1d1-478d-8e51-a3ccdf6aa7c9,True,0.304945054945055
7a88f23a-d1d1-478d-8e51-a3ccdf6aa7c9,True,0.773918163085075
7a88f23a-d1d1-478d-8e51-a3ccdf6aa7c9,False,0.5369565217391299
7a88f23a-d1d1-478d-8e51-a3ccdf6aa7c9,True,0.770089285714286
7a88f23a-d1d1-478d-8e51-a3ccdf6aa7c9,True,0.547778981581798
7a88f23a-d1d1-478d-8e51-a3ccdf6aa7c9,True,0.600328947368421
7a88f23a-d1d1-478d-8e51-a3ccdf6aa7c9,True,0.8325861585878394
7a88f23a-d1d1-478d-8e51-a3ccdf6aa7c9,True,0.7533333333333331
7a88f23a-d1d1-478d-8e51-a3ccdf6aa7c9,True,0.3453763440860219
7a88f23a-d1d1-478d-8e51-a3ccdf6aa7c9,True,0.5350430073271747
7a88f23a-d1d1-478d-8e51-a3ccdf6aa7c9,False,0.772794117647059
7a88f23a-d1d1-478d-8e51-a3ccdf6aa7c9,False,0.4172013178428994
7a88f23a-d1d1-478d-8e51-a3ccdf6aa7c9,False,0.5918793849828329
7a88f23a-d1d1-478d-8e51-a3ccdf6aa7c9,True,0.850574712643678
7a88f23a-d1d1-478d-8e51-a3ccdf6aa7c9,False,0.6774146905725851
7a88f23a-d1d1-478d-8e51-a3ccdf6aa7c9,True,0.42478632478632494
7a88f23a-d1d1-478d-8e51-a3ccdf6aa7c9,True,0.47751937984496096
7a88f23a-d1d1-478d-8e51-a3ccdf6aa7c9,True,0.7774853801169591
7a88f23a-d1d1-478d-8e51-a3ccdf6aa7c9,True,0.7206208425720619
7a88f23a-d1d1-478d-8e51-a3ccdf6aa7c9,True,0.500291375291376
7a88f23a-d1d1-478d-8e51-a3ccdf6aa7c9,True,0.7216195569136744
7a88f23a-d1d1-478d-8e51-a3ccdf6aa7c9,False,0.560620915032679
7a88f23a-d1d1-478d-8e51-a3ccdf6aa7c9,False,0.4836136639500609
7a88f23a-d1d1-478d-8e51-a3ccdf6aa7c9,True,0.7775689223057641
7a88f23a-d1d1-478d-8e51-a3ccdf6aa7c9,False,0.319282945736434
7a88f23a-d1d1-478d-8e51-a3ccdf6aa7c9,False,0.6345931671893049
7a88f23a-d1d1-478d-8e51-a3ccdf6aa7c9,True,0.5518102372034961
7a88f23a-d1d1-478d-8e51-a3ccdf6aa7c9,True,0.76671511627907
7a88f23a-d1d1-478d-8e51-a3ccdf6aa7c9,True,0.4551129270230395
7a88f23a-d1d1-478d-8e51-a3ccdf6aa7c9,True,0.35904535864978904
7a88f23a-d1d1-478d-8e51-a3ccdf6aa7c9,True,0.37801484230055704
7a88f23a-d1d1-478d-8e51-a3ccdf6aa7c9,True,0.5590858416945369
7a88f23a-d1d1-478d-8e51-a3ccdf6aa7c9,True,0.7380625214702855
7a88f23a-d1d1-478d-8e51-a3ccdf6aa7c9,False,0.5146103896103892
7a88f23a-d1d1-478d-8e51-a3ccdf6aa7c9,False,0.6698357821953325
7a88f23a-d1d1-478d-8e51-a3ccdf6aa7c9,False,0.554612937433722
7a88f23a-d1d1-478d-8e51-a3ccdf6aa7c9,True,0.752209737827715
7a88f23a-d1d1-478d-8e51-a3ccdf6aa7c9,True,0.6351937984496121
7a88f23a-d1d1-478d-8e51-a3ccdf6aa7c9,True,0.7390615091946733
7a88f23a-d1d1-478d-8e51-a3ccdf6aa7c9,False,0.3942205726405091
7a88f23a-d1d1-478d-8e51-a3ccdf6aa7c9,True,0.5105490290098302
7a88f23a-d1d1-478d-8e51-a3ccdf6aa7c9,True,0.52067963335569
7a88f23a-d1d1-478d-8e51-a3ccdf6aa7c9,True,0.45264390896921003
7a88f23a-d1d1-478d-8e51-a3ccdf6aa7c9,False,0.637253835273637
7a88f23a-d1d1-478d-8e51-a3ccdf6aa7c9,False,0.5411732680005439
7a88f23a-d1d1-478d-8e51-a3ccdf6aa7c9,True,0.42548914500134016
7a88f23a-d1d1-478d-8e51-a3ccdf6aa7c9,True,0.7651162790697674
7a88f23a-d1d1-478d-8e51-a3ccdf6aa7c9,True,0.6799265605875157
ff45176d-3bc5-4211-b8a9-e0100345b439,False,0.568068068068068
ff45176d-3bc5-4211-b8a9-e0100345b439,True,0.42478632478632494
ff45176d-3bc5-4211-b8a9-e0100345b439,True,0.916666666666667
ff45176d-3bc5-4211-b8a9-e0100345b439,True,0.46174424826110194
ff45176d-3bc5-4211-b8a9-e0100345b439,False,0.49350649350649306
ff45176d-3bc5-4211-b8a9-e0100345b439,False,0.509205983889529
ff45176d-3bc5-4211-b8a9-e0100345b439,False,0.517942583732057
ff45176d-3bc5-4211-b8a9-e0100345b439,False,0.5822006472491911
ff45176d-3bc5-4211-b8a9-e0100345b439,True,0.3592644978783597
ff45176d-3bc5-4211-b8a9-e0100345b439,True,0.8609253065774807
ff45176d-3bc5-4211-b8a9-e0100345b439,True,0.8325861585878394
ff45176d-3bc5-4211-b8a9-e0100345b439,True,0.3453763440860219
ff45176d-3bc5-4211-b8a9-e0100345b439,True,0.47972027972028
ff45176d-3bc5-4211-b8a9-e0100345b439,True,0.354341736694678
ff45176d-3bc5-4211-b8a9-e0100345b439,False,0.8023008849557521
ff45176d-3bc5-4211-b8a9-e0100345b439,True,0.5350430073271747
ff45176d-3bc5-4211-b8a9-e0100345b439,False,0.4172013178428994
ff45176d-3bc5-4211-b8a9-e0100345b439,False,0.752205600306866
ff45176d-3bc5-4211-b8a9-e0100345b439,True,0.557848837209302
ff45176d-3bc5-4211-b8a9-e0100345b439,True,0.5935320228281551
ff45176d-3bc5-4211-b8a9-e0100345b439,False,0.6176190476190473
ff45176d-3bc5-4211-b8a9-e0100345b439,True,0.4157289776164546
ff45176d-3bc5-4211-b8a9-e0100345b439,True,0.547778981581798
ff45176d-3bc5-4211-b8a9-e0100345b439,False,0.49898470285637
ff45176d-3bc5-4211-b8a9-e0100345b439,True,0.382142857142857
ff45176d-3bc5-4211-b8a9-e0100345b439,False,0.5628045157456929
ff45176d-3bc5-4211-b8a9-e0100345b439,True,0.5167548500881831
ff45176d-3bc5-4211-b8a9-e0100345b439,False,0.4863737900223384
ff45176d-3bc5-4211-b8a9-e0100345b439,False,0.369847812301839
ff45176d-3bc5-4211-b8a9-e0100345b439,False,0.669772256728778
ff45176d-3bc5-4211-b8a9-e0100345b439,True,0.636856368563685
ff45176d-3bc5-4211-b8a9-e0100345b439,True,0.5577119509703776
ff45176d-3bc5-4211-b8a9-e0100345b439,False,0.6755050505050508
ff45176d-3bc5-4211-b8a9-e0100345b439,True,0.6447303921568622
ff45176d-3bc5-4211-b8a9-e0100345b439,True,0.7648026315789473
ff45176d-3bc5-4211-b8a9-e0100345b439,True,0.8982683982683982
ff45176d-3bc5-4211-b8a9-e0100345b439,False,0.6994871794871791
ff45176d-3bc5-4211-b8a9-e0100345b439,True,0.5963314358001269
ff45176d-3bc5-4211-b8a9-e0100345b439,True,0.709803921568627
ff45176d-3bc5-4211-b8a9-e0100345b439,False,0.7866845797880279
ff45176d-3bc5-4211-b8a9-e0100345b439,True,0.4739407066468121
ff45176d-3bc5-4211-b8a9-e0100345b439,True,0.853658536585366
ff45176d-3bc5-4211-b8a9-e0100345b439,False,0.6593258891645992
ff45176d-3bc5-4211-b8a9-e0100345b439,True,0.6241776315789473
ff45176d-3bc5-4211-b8a9-e0100345b439,True,0.316666666666667
ff45176d-3bc5-4211-b8a9-e0100345b439,True,0.7808441558441557
ff45176d-3bc5-4211-b8a9-e0100345b439,True,0.7867042518205305
ff45176d-3bc5-4211-b8a9-e0100345b439,True,0.7306145096407265
ff45176d-3bc5-4211-b8a9-e0100345b439,False,0.62962962962963
ff45176d-3bc5-4211-b8a9-e0100345b439,True,0.6694356540084387
ff45176d-3bc5-4211-b8a9-e0100345b439,True,0.48059866962305975
ff45176d-3bc5-4211-b8a9-e0100345b439,True,0.705426356589147
ff45176d-3bc5-4211-b8a9-e0100345b439,True,0.5845268542199493
ff45176d-3bc5-4211-b8a9-e0100345b439,True,0.8686360779384036
ff45176d-3bc5-4211-b8a9-e0100345b439,False,0.8858350951374205
ff45176d-3bc5-4211-b8a9-e0100345b439,True,0.905405405405405
ff45176d-3bc5-4211-b8a9-e0100345b439,False,0.5918793849828329
ff45176d-3bc5-4211-b8a9-e0100345b439,True,0.6009828788839573
ff45176d-3bc5-4211-b8a9-e0100345b439,True,0.43073593073593097
ff45176d-3bc5-4211-b8a9-e0100345b439,True,0.578673245614035
5ccde641-c29f-4aab-ac4d-8a1deb7423bc,False,0.55520393811533
5ccde641-c29f-4aab-ac4d-8a1deb7423bc,False,0.29831932773109204
5ccde641-c29f-4aab-ac4d-8a1deb7423bc,False,0.2721113127646705
5ccde641-c29f-4aab-ac4d-8a1deb7423bc,False,0.44217772215268997
5ccde641-c29f-4aab-ac4d-8a1deb7423bc,True,0.7510491403817521
5ccde641-c29f-4aab-ac4d-8a1deb7423bc,True,0.5337742087860177
5ccde641-c29f-4aab-ac4d-8a1deb7423bc,True,0.288913984566158
5ccde641-c29f-4aab-ac4d-8a1deb7423bc,True,0.714285714285714
5ccde641-c29f-4aab-ac4d-8a1deb7423bc,False,0.60523991757433
5ccde641-c29f-4aab-ac4d-8a1deb7423bc,False,0.6918903880929201
5ccde641-c29f-4aab-ac4d-8a1deb7423bc,False,0.44736842105263197
5ccde641-c29f-4aab-ac4d-8a1deb7423bc,False,0.443196004993758
5ccde641-c29f-4aab-ac4d-8a1deb7423bc,True,0.6555023923444978
5ccde641-c29f-4aab-ac4d-8a1deb7423bc,True,0.6397586431833
5ccde641-c29f-4aab-ac4d-8a1deb7423bc,True,0.5913621262458476
5ccde641-c29f-4aab-ac4d-8a1deb7423bc,True,0.49166666666666703
5ccde641-c29f-4aab-ac4d-8a1deb7423bc,True,0.5160784313725494
5ccde641-c29f-4aab-ac4d-8a1deb7423bc,False,0.5918793849828329
5ccde641-c29f-4aab-ac4d-8a1deb7423bc,True,0.8745819397993314
5ccde641-c29f-4aab-ac4d-8a1deb7423bc,True,0.608928571428571
5ccde641-c29f-4aab-ac4d-8a1deb7423bc,True,0.502575587905935
5ccde641-c29f-4aab-ac4d-8a1deb7423bc,True,0.42196078431372597
5ccde641-c29f-4aab-ac4d-8a1deb7423bc,False,0.516487000634115
5ccde641-c29f-4aab-ac4d-8a1deb7423bc,False,0.1358132431547946
5ccde641-c29f-4aab-ac4d-8a1deb7423bc,False,0.781693915840257
5ccde641-c29f-4aab-ac4d-8a1deb7423bc,False,0.491304347826087
5ccde641-c29f-4aab-ac4d-8a1deb7423bc,True,0.5167548500881831
5ccde641-c29f-4aab-ac4d-8a1deb7423bc,False,0.339464882943144
5ccde641-c29f-4aab-ac4d-8a1deb7423bc,False,0.6209086468001956
5ccde641-c29f-4aab-ac4d-8a1deb7423bc,True,0.603939250118653
5ccde641-c29f-4aab-ac4d-8a1deb7423bc,True,0.5329927628778199
5ccde641-c29f-4aab-ac4d-8a1deb7423bc,True,0.2711711711711713
5ccde641-c29f-4aab-ac4d-8a1deb7423bc,True,0.47972027972028
5ccde641-c29f-4aab-ac4d-8a1deb7423bc,True,0.6245410036719703
5ccde641-c29f-4aab-ac4d-8a1deb7423bc,True,0.688042492550849
5ccde641-c29f-4aab-ac4d-8a1deb7423bc,True,0.8171545415411102
5ccde641-c29f-4aab-ac4d-8a1deb7423bc,True,0.46932845458458916
5ccde641-c29f-4aab-ac4d-8a1deb7423bc,True,0.472010342598578
5ccde641-c29f-4aab-ac4d-8a1deb7423bc,True,0.658333333333333
5ccde641-c29f-4aab-ac4d-8a1deb7423bc,True,0.3800665456745315
5ccde641-c29f-4aab-ac4d-8a1deb7423bc,False,0.850574712643678
5ccde641-c29f-4aab-ac4d-8a1deb7423bc,True,0.30476947535771104
